url,date,title
http://v.daum.net/v/20240731115627835,14시간전,'손흥민도나이드는건싫다'...오늘상암벌서양민혁과맞대결'2024쿠팡플레이시리즈'
http://v.daum.net/v/20240731181239855,8시간전,무신사·쿠팡가장안전…단기부채대비현금80%대'두둑'[이커머스재무상태괜찮나]
http://v.daum.net/v/20240730095631111,2024.07.30,쿠팡'휴가철스타일링기획전'열어최대80%할인
http://v.daum.net/v/20240729143049531,2024.07.29,쿠팡로켓럭셔리1주년맞아10%적립에사은품까지
http://v.daum.net/v/20240705104321155,2024.07.05,"[게시판]헥토파이낸셜,쿠팡서010PAY우리카드첫결제시7%적립"
http://v.daum.net/v/20240726093854864,2024.07.26,"200년역사'세계4대도자기'도로켓배송으로받는다...쿠팡,유럽프리미엄브랜드입점"
http://v.daum.net/v/20240724124534307,2024.07.24,"""손흥민·김민재입국실시간중계""...'쿠팡플레이시리즈’중계일정나왔다"
http://v.daum.net/v/20240709094325068,2024.07.09,"중소판매자가로켓배송하는법쉽게안내...쿠팡,로켓그로스판매자웹사이트신설"
http://v.daum.net/v/20240730052505488,2024.07.30,쿠팡株날고여행株꺾이고…‘티메프쇼크’나비효과
http://v.daum.net/v/20240722092349894,2024.07.22,사과값쿠팡이잡는다...햇사과50t매입해할인판매
http://v.daum.net/v/20240726154501848,2024.07.26,'티메프사태'에쿠팡관련주'들썩'…KCTC상한가
http://v.daum.net/v/20240723101421092,2024.07.23,"쿠팡,28일까지'로켓배송패션빅세일'개최…최대80%할인"
http://v.daum.net/v/20240723175636967,2024.07.23,쿠팡도통신재난관리의무대상‥네카오멀티클라우드구축권고
http://v.daum.net/v/20240717103721325,2024.07.17,해외에서수입한여름제품모두모아쿠팡에서최대70%할인
http://v.daum.net/v/20240720152155020,2024.07.20,"""븅태축하혀""..쿠팡플레이,'소년시대'등청룡시리즈어워즈3관왕"
http://v.daum.net/v/20240730060004767,2024.07.30,"'쿠팡품절대란'中TV회사,'폭풍성장'..삼성·LG안방까지위협"
http://v.daum.net/v/20240716065740919,2024.07.16,"""비싼쿠팡대신저희한테오시죠,3만원드려요""…신세계,승부수띄웠다"
http://v.daum.net/v/20240716100024022,2024.07.16,쿠팡으로에르메스접시도산다...'명품주방용품'와우회원전용한정판매
http://v.daum.net/v/20240723091505586,2024.07.23,"SPC배스킨라빈스,쿠팡이츠전용핸드팩'아이츠크림팩'새롭게선보인다"
http://v.daum.net/v/20240731091935695,17시간전,티메프사태로수면위떠오른이커머스'재무건전성'...현금유동상황살펴보니
